{"max_depth": 8, "min_child_weight": 7.168645776713331, "learning_rate": 0.2284656435351689, "n_estimators": 715}