{"fs_method": "L1-LogReg", "model_type": "XGBoost", "outer_fold": 2, "accuracy": 0.5806451612903226, "precision": 0.582010582010582, "recall": 0.5806451612903226, "f1_score": 0.5788923719958202, "roc_auc": 0.5608740894901145, "log_loss": 0.9089781642560998}