{"max_depth": 1, "min_child_weight": 1.3864783019100884, "learning_rate": 0.1529197321467239, "n_estimators": 715}