{"max_depth": 13, "min_child_weight": 4.261583037619755, "learning_rate": 0.00814710831873023, "n_estimators": 905, "reg_alpha": 0.03619990914619756}