{"max_depth": 4, "min_child_weight": 5.139891189735744, "learning_rate": 0.03144962046943129, "n_estimators": 810, "subsample": 0.5724392761902566, "colsample_bytree": 0.7936633584186594}