{"accuracy_random_mean": 0.5067741935483872, "accuracy_random_std": 0.052669625877866874, "precision_random_mean": 0.5067741935483872, "precision_random_std": 0.052669625877866874, "recall_random_mean": 0.5067741935483872, "recall_random_std": 0.052669625877866874, "f1_score_random_mean": 0.5067741935483872, "f1_score_random_std": 0.052669625877866874}