{"max_depth": 5, "min_child_weight": 4.69845487129087, "learning_rate": 0.0018144248271058864, "n_estimators": 905, "reg_alpha": 0.0521571113296456}