{"fs_method": "None", "model_type": "XGBoost", "outer_fold": 4, "accuracy": 0.5, "precision": 0.5, "recall": 0.5, "f1_score": 0.49354413702239797, "roc_auc": 0.5910509885535901, "log_loss": 0.6852448289432833}