{"max_depth": 15, "min_child_weight": 0.5049799786893954, "learning_rate": 0.059271192916072635, "n_estimators": 620}