{"fs_method": "SFS-CV", "model_type": "XGBoost", "outer_fold": 5, "accuracy": 0.3333333333333333, "precision": 0.1111111111111111, "recall": 0.3333333333333333, "f1_score": 0.16666666666666666, "roc_auc": 1.0, "log_loss": 1.4493961361601402}