y_true,y_pred,Better,Worse
Better,Worse,0.05746001,0.94254
Worse,Worse,0.016815126,0.9831849
Better,Worse,0.22887844,0.77112156
