{"model_type": "Random Model", "outer_fold": 2, "accuracy": 0.41935483870967744, "precision": 0.41935483870967744, "recall": 0.41935483870967744, "f1_score": 0.41935483870967744, "roc_auc": 0.5, "log_loss": null}