accuracy_random,precision_random,recall_random,f1_score_random,roc_auc_random
0.41935483870967744,0.41935483870967744,0.41935483870967744,0.41935483870967744,0.5
