{"max_depth": 1, "min_child_weight": 9.443377839578485, "learning_rate": 0.1551787851654144, "n_estimators": 50}