{"fs_method": "L1-LogReg", "model_type": "XGBoost", "outer_fold": 3, "accuracy": 0.4838709677419355, "precision": 0.48380355276907, "recall": 0.4838709677419355, "f1_score": 0.48333333333333334, "roc_auc": 0.46514047866805414, "log_loss": 0.7434577119927253}