{"accuracy_random_mean": 0.5041935483870968, "accuracy_random_std": 0.06348449383381825, "precision_random_mean": 0.5041935483870968, "precision_random_std": 0.06348449383381825, "recall_random_mean": 0.5041935483870968, "recall_random_std": 0.06348449383381825, "f1_score_random_mean": 0.5041935483870968, "f1_score_random_std": 0.06348449383381825}