accuracy_random,precision_random,recall_random,f1_score_random,roc_auc_random
0.49206349206349204,0.49206349206349204,0.49206349206349204,0.49206349206349204,0.5
