{"fs_method": "None", "model_type": "StochasticXGBoost", "outer_fold": 1, "accuracy": 0.6190476190476191, "precision": 0.6202233980011758, "recall": 0.6190476190476191, "f1_score": 0.6171158118419782, "roc_auc": 0.6270161290322581, "log_loss": 0.6725239007482453}