{"fs_method": "None", "model_type": "StochasticXGBoost", "outer_fold": 2, "accuracy": 0.532258064516129, "precision": 0.5331196581196581, "recall": 0.532258064516129, "f1_score": 0.5291961246399582, "roc_auc": 0.514047866805411, "log_loss": 0.919757974964957}