Predictor,Coefficient,P-Value,Adjusted P-Value,Mean_Abundance,Std_Abundance,10_perc_abund,90_perc_abund,Realistic_Abundance_Increase,Realistic_MMSE_Increase,Predictor_species
21b04aaabca0f92a5ba0a0b2eaa31aea,11.671514643537206,0.014755564598688308,0.04980003052057304,0.059331349219772435,0.052878628033434995,0.0015004688965301657,0.13570667883766926,0.1342062099411391,1.5663897445816335,s__Prevotella_7_unclassified
9989522015ac9ad21420cd95593a48c3,30.25197238302639,0.012428121822978243,0.0479370413172018,0.008537641620114665,0.0193783361986103,0.0,0.029571843251088536,0.029571843251088536,0.8946065853471158,s__Prevotella_7_unclassified
22e08646a28fd92f3b5f917d15775428,-46.48108369841279,0.009896826613809985,0.0479370413172018,0.011984734327802126,0.013727534527324814,0.0,0.030707897855834502,0.030707897855834502,-1.427336370439354,s__Alloprevotella_unclassified
