model_type,outer_fold,accuracy,precision,recall,f1_score,roc_auc,log_loss
Random Model,1,0.49206349206349204,0.49206349206349204,0.49206349206349204,0.49206349206349204,0.5,
Random Model,2,0.41935483870967744,0.41935483870967744,0.41935483870967744,0.41935483870967744,0.5,
Random Model,3,0.45161290322580644,0.45161290322580644,0.45161290322580644,0.45161290322580644,0.5,
Random Model,4,0.4838709677419355,0.4838709677419355,0.4838709677419355,0.4838709677419355,0.5,
Random Model,5,0.45161290322580644,0.45161290322580644,0.45161290322580644,0.45161290322580644,0.5,
