{"fs_method": "None", "model_type": "RandomForest", "outer_fold": 1, "accuracy": 0.5396825396825397, "precision": 0.5395175395175394, "recall": 0.5396825396825397, "f1_score": 0.5361713462399962, "roc_auc": 0.6149193548387097, "log_loss": 0.6755069393730085}