{"fs_method": "L1-LogReg", "model_type": "RandomForest", "outer_fold": 4, "accuracy": 0.5, "precision": 0.5, "recall": 0.5, "f1_score": 0.49354413702239797, "roc_auc": 0.48907388137356916, "log_loss": 0.7192011227002966}