{"accuracy_random_mean": 0.4970967741935485, "accuracy_random_std": 0.06404586675896726, "precision_random_mean": 0.4970967741935485, "precision_random_std": 0.06404586675896726, "recall_random_mean": 0.4970967741935485, "recall_random_std": 0.06404586675896726, "f1_score_random_mean": 0.4970967741935485, "f1_score_random_std": 0.06404586675896726}