{"max_depth": 8, "min_child_weight": 3.386750582027002, "learning_rate": 0.005293598356130455, "n_estimators": 810, "subsample": 0.7027636991420956, "colsample_bytree": 0.6344935695397631}