{"fs_method": "None", "model_type": "RandomForest", "outer_fold": 5, "accuracy": 0.46774193548387094, "precision": 0.46743697478991597, "recall": 0.46774193548387094, "f1_score": 0.4664928292046936, "roc_auc": 0.5036420395421435, "log_loss": 0.7148048117891911}