{"max_depth": 15, "min_child_weight": 1.3660788013836656, "learning_rate": 0.06759987697164792, "n_estimators": 430, "subsample": 0.5693961467904558, "colsample_bytree": 0.6578834129890547}