{"max_depth": 4, "min_child_weight": 3.32822789376907, "learning_rate": 0.08461859686654197, "n_estimators": 145}