{"fs_method": "SFS-CV", "model_type": "XGBoost", "outer_fold": 2, "accuracy": 0.3333333333333333, "precision": 0.1111111111111111, "recall": 0.3333333333333333, "f1_score": 0.16666666666666666, "roc_auc": 0.5, "log_loss": 0.6931471805599453}