{"max_depth": 2, "min_child_weight": 7.931232217699893, "learning_rate": 0.012748465945190525, "n_estimators": 240}