{"fs_method": "None", "model_type": "RandomForest", "outer_fold": 3, "accuracy": 0.5, "precision": 0.5, "recall": 0.5, "f1_score": 0.496726891856507, "roc_auc": 0.6295525494276795, "log_loss": 0.6736246893898384}