{"max_depth": 9, "min_child_weight": 0.9044968355178205, "learning_rate": 0.001203561051304928, "n_estimators": 430, "reg_alpha": 0.07543457081477219}