{"max_depth": 3, "min_child_weight": 3.8438707136535375, "learning_rate": 0.18455657550994325, "n_estimators": 525}