{"max_depth": 1, "min_child_weight": 6.1022269645280645, "learning_rate": 0.0070415915782962935, "n_estimators": 430, "reg_alpha": 0.004103722867403355}