{"fs_method": "None", "model_type": "XGBoost", "outer_fold": 5, "accuracy": 0.5161290322580645, "precision": 0.5164021164021163, "recall": 0.5161290322580645, "f1_score": 0.5141065830721003, "roc_auc": 0.4693028095733611, "log_loss": 0.8508572407787846}