{"max_depth": 15, "min_child_weight": 3.6591760691899617, "learning_rate": 0.015186922625925314, "n_estimators": 525, "subsample": 0.7358969616253986, "colsample_bytree": 0.731655735922072}