{"fs_method": "None", "model_type": "StochasticXGBoost", "outer_fold": 3, "accuracy": 0.5483870967741935, "precision": 0.5502702702702703, "recall": 0.5483870967741935, "f1_score": 0.5441176470588235, "roc_auc": 0.571279916753382, "log_loss": 0.7484290987974213}