{"model_type": "Random Model", "outer_fold": 4, "accuracy": 0.4838709677419355, "precision": 0.4838709677419355, "recall": 0.4838709677419355, "f1_score": 0.4838709677419355, "roc_auc": 0.5, "log_loss": null}