accuracy_random,precision_random,recall_random,f1_score_random,roc_auc_random
0.4838709677419355,0.4838709677419355,0.4838709677419355,0.4838709677419355,0.5
