{"max_depth": 13, "min_child_weight": 0.7027113126654613, "learning_rate": 0.008120989431868593, "n_estimators": 905, "subsample": 0.6725539587494858, "colsample_bytree": 0.8386938030668066}