{"max_depth": 9, "min_child_weight": 4.879269421198694, "learning_rate": 0.02543565628233962, "n_estimators": 810}