{"fs_method": "L1-LogReg", "model_type": "XGBoost", "outer_fold": 1, "accuracy": 0.4126984126984127, "precision": 0.41196355085243974, "recall": 0.4126984126984127, "f1_score": 0.4097269905516806, "roc_auc": 0.46875, "log_loss": 0.8912462680231011}