{"accuracy_random_mean": 0.4952380952380953, "accuracy_random_std": 0.06918887211969325, "precision_random_mean": 0.4952380952380953, "precision_random_std": 0.06918887211969325, "recall_random_mean": 0.4952380952380953, "recall_random_std": 0.06918887211969325, "f1_score_random_mean": 0.4952380952380953, "f1_score_random_std": 0.06918887211969325}