{"max_depth": 4, "min_child_weight": 1.1217766601225734, "learning_rate": 0.005742272878162765, "n_estimators": 620, "subsample": 0.7571351866129528, "colsample_bytree": 0.8995439567987613}