{"max_depth": 15, "min_child_weight": 0.8545491184030025, "learning_rate": 0.17815731959042383, "n_estimators": 50, "subsample": 0.7186580562357474, "colsample_bytree": 0.9898783473578252}