{"accuracy_random_mean": 0.4980645161290323, "accuracy_random_std": 0.05847880874128857, "precision_random_mean": 0.4980645161290323, "precision_random_std": 0.05847880874128857, "recall_random_mean": 0.4980645161290323, "recall_random_std": 0.05847880874128857, "f1_score_random_mean": 0.4980645161290323, "f1_score_random_std": 0.05847880874128857}