{"model_type": "Random Model", "outer_fold": 3, "accuracy": 0.45161290322580644, "precision": 0.45161290322580644, "recall": 0.45161290322580644, "f1_score": 0.45161290322580644, "roc_auc": 0.5, "log_loss": null}