accuracy_random,precision_random,recall_random,f1_score_random,roc_auc_random
0.45161290322580644,0.45161290322580644,0.45161290322580644,0.45161290322580644,0.5
