{"max_depth": 8, "min_child_weight": 3.203209268168109, "learning_rate": 0.04881853434276907, "n_estimators": 810, "subsample": 0.714526674089175, "colsample_bytree": 0.6827221740798374}