{"max_depth": 3, "min_child_weight": 0.5555211615639761, "learning_rate": 0.005913553888892512, "n_estimators": 1000}