y_true,y_pred,Better,Worse
Worse,Better,0.9090788,0.09092121
Worse,Better,0.71756995,0.28243008
Better,Better,0.80126566,0.19873436
