{"fs_method": "None", "model_type": "RandomForest", "outer_fold": 4, "accuracy": 0.5645161290322581, "precision": 0.5704545454545455, "recall": 0.5645161290322581, "f1_score": 0.5551421737975021, "roc_auc": 0.6024973985431842, "log_loss": 0.6767297568670991}