{"max_depth": 14, "min_child_weight": 1.0502010297658664, "learning_rate": 0.0071394931060881, "n_estimators": 1000, "reg_alpha": 0.09176157730852924}